num_processors,cycle-time
5,2794.800000
10,8816.100000
15,18768.800000
25,23305.200000
50,89623.900000
75,59996.100000
100,90881.500000
